time;email;ip;hostname;city;region;country;location_latitude;location_longitude;organization;is_email_valid
2022-03-26 12:00:10;info-dhhn@certifiedlearn.co.uk;208.67.248.58;labfields.net;Dallas;Texas;United States;32.8756;-96.7495;AS40395 VIRTBIZ Internet Services;true
2022-03-26 12:00:10;contact@boardskills.com;208.67.248.58;labfields.net;Dallas;Texas;United States;32.8756;-96.7495;AS40395 VIRTBIZ Internet Services;true
2022-03-26 06:00:10;contact@storagemodels.org.uk;208.67.248.58;labfields.net;Dallas;Texas;United States;32.8756;-96.7495;AS40395 VIRTBIZ Internet Services;true
2022-03-26 03:00:08;contact@drumspecie.com;51.15.154.89;drumspecie.com;Paris;Île-de-France;France;48.8534;2.3488;AS12876 ONLINE S.A.S.;true
2022-03-26 07:00:09;contact@boardskills.com;208.67.248.58;labfields.net;Dallas;Texas;United States;32.8756;-96.7495;AS40395 VIRTBIZ Internet Services;true
2022-03-26 09:00:09;mdf@sceneryspecial.org.uk;194.124.40.2;sceneryspecial.org.uk;Los Angeles;California;United States;34.0614;-118.2385;AS40676 Psychz Networks;true
2022-03-26 06:00:10;0EVOMNxsvsJ9oupxsc@islandgraph.org.uk;89.223.93.84;;Levashovo;St.-Petersburg;Russia;60.0922;30.2368;AS202422 G-Core Labs S.A.;true
2022-03-25 14:00:10;Customer-Feedback@boardskills.com;208.67.248.58;labfields.net;Dallas;Texas;United States;32.8756;-96.7495;AS40395 VIRTBIZ Internet Services;true
2022-03-25 17:00:10;info@fitnessdrives.co.uk;162.216.243.4;slideplaying.com;Phoenix;Arizona;United States;33.4484;-112.074;AS398019 Dynu Systems Incorporated;true
2022-03-25 20:00:08;info-dhhn@certifiedlearn.co.uk;208.67.248.58;labfields.net;Dallas;Texas;United States;32.8756;-96.7495;AS40395 VIRTBIZ Internet Services;true
2022-03-25 22:00:08;contact@drumspecie.com;51.15.154.89;drumspecie.com;Paris;Île-de-France;France;48.8534;2.3488;AS12876 ONLINE S.A.S.;true
2022-03-26 06:00:10;mdf@sceneryspecial.org.uk;194.124.40.2;sceneryspecial.org.uk;Los Angeles;California;United States;34.0614;-118.2385;AS40676 Psychz Networks;true
2022-03-24 11:00:10;info@discoveredu.eu.org;89.223.93.84;;Levashovo;St.-Petersburg;Russia;60.0922;30.2368;AS202422 G-Core Labs S.A.;true
2022-03-24 16:00:09;mdf@sceneryspecial.org.uk;194.124.40.2;sceneryspecial.org.uk;Los Angeles;California;United States;34.0614;-118.2385;AS40676 Psychz Networks;true
2022-03-25 13:00:09;mdf@sceneryspecial.org.uk;194.124.40.2;sceneryspecial.org.uk;Los Angeles;California;United States;34.0614;-118.2385;AS40676 Psychz Networks;true
2022-03-24 15:00:09;azead@advicelaptop.info;89.223.93.84;;Levashovo;St.-Petersburg;Russia;60.0922;30.2368;AS202422 G-Core Labs S.A.;true
2022-03-25 08:00:09;info@discoveredu.eu.org;89.223.93.84;;Levashovo;St.-Petersburg;Russia;60.0922;30.2368;AS202422 G-Core Labs S.A.;true
2022-03-25 02:00:09;azead@blinksymptoms.info;89.223.93.84;;Levashovo;St.-Petersburg;Russia;60.0922;30.2368;AS202422 G-Core Labs S.A.;true
2022-03-24 20:00:08;mdf@sceneryspecial.org.uk;194.124.40.2;sceneryspecial.org.uk;Los Angeles;California;United States;34.0614;-118.2385;AS40676 Psychz Networks;true
2022-03-25 13:00:09;contacts@discoveredu.eu.org;89.223.93.84;;Levashovo;St.-Petersburg;Russia;60.0922;30.2368;AS202422 G-Core Labs S.A.;true
2022-03-25 10:00:08;azead@disposablewrapping.info;89.223.93.84;;Levashovo;St.-Petersburg;Russia;60.0922;30.2368;AS202422 G-Core Labs S.A.;true
2022-03-25 14:00:10;azead@disposablewrapping.info;89.223.93.84;;Levashovo;St.-Petersburg;Russia;60.0922;30.2368;AS202422 G-Core Labs S.A.;true
2022-03-25 17:00:10;mdf@sceneryspecial.org.uk;194.124.40.2;sceneryspecial.org.uk;Los Angeles;California;United States;34.0614;-118.2385;AS40676 Psychz Networks;true
2022-03-25 16:00:09;mdf@sceneryspecial.org.uk;194.124.40.2;sceneryspecial.org.uk;Los Angeles;California;United States;34.0614;-118.2385;AS40676 Psychz Networks;true
2022-03-25 07:00:09;search@clotheshops.org;192.169.7.247;politicalturntips.com;Los Angeles;California;United States;34.0522;-118.2437;AS8100 QuadraNet Enterprises LLC;true
2022-03-25 16:00:09;contact@drumspecie.com;51.15.154.89;drumspecie.com;Paris;Île-de-France;France;48.8534;2.3488;AS12876 ONLINE S.A.S.;true
2022-03-25 17:00:10;info@discoveredu.eu.org;89.223.93.84;;Levashovo;St.-Petersburg;Russia;60.0922;30.2368;AS202422 G-Core Labs S.A.;true
2022-03-26 07:00:09;azead@advicelaptop.info;89.223.93.84;;Levashovo;St.-Petersburg;Russia;60.0922;30.2368;AS202422 G-Core Labs S.A.;true
2022-03-26 06:00:10;contact@boardskills.com;208.67.248.58;labfields.net;Dallas;Texas;United States;32.8756;-96.7495;AS40395 VIRTBIZ Internet Services;true
2022-03-24 08:26:32;Confirmation.Email@storagemodels.org.uk;208.67.248.58;labfields.net;Dallas;Texas;United States;32.8756;-96.7495;AS40395 VIRTBIZ Internet Services;true
2022-03-24 08:26:32;contact@boardskills.com;208.67.248.58;labfields.net;Dallas;Texas;United States;32.8756;-96.7495;AS40395 VIRTBIZ Internet Services;true
2022-03-24 11:00:10;Petro-Confirmation552@boardskills.com;208.67.248.58;labfields.net;Dallas;Texas;United States;32.8756;-96.7495;AS40395 VIRTBIZ Internet Services;true
2022-03-24 08:26:32;jaynabel@myfairpoint.net;216.227.79.66;www.fairpoint.com;Manchester;New Hampshire;United States;42.9956;-71.4548;AS13673 FAIRPOINT COMMUNICATIONS INC.;true
2022-03-24 08:26:32;azead@disposablewrapping.info;89.223.93.84;;Levashovo;St.-Petersburg;Russia;60.0922;30.2368;AS202422 G-Core Labs S.A.;true
2022-03-24 08:26:32;contact@storagemodels.org.uk;208.67.248.58;labfields.net;Dallas;Texas;United States;32.8756;-96.7495;AS40395 VIRTBIZ Internet Services;true
2022-03-24 08:26:32;Confirmation.Email@storagemodels.org.uk;208.67.248.58;labfields.net;Dallas;Texas;United States;32.8756;-96.7495;AS40395 VIRTBIZ Internet Services;true
2022-03-24 08:26:32;info@discoveredu.eu.org;89.223.93.84;;Levashovo;St.-Petersburg;Russia;60.0922;30.2368;AS202422 G-Core Labs S.A.;true
2022-03-24 08:26:32;contact@boardskills.com;208.67.248.58;labfields.net;Dallas;Texas;United States;32.8756;-96.7495;AS40395 VIRTBIZ Internet Services;true
2022-03-24 08:26:32;contact@boardskills.com;208.67.248.58;labfields.net;Dallas;Texas;United States;32.8756;-96.7495;AS40395 VIRTBIZ Internet Services;true
2022-03-24 09:00:09;azead@disposablewrapping.info;89.223.93.84;;Levashovo;St.-Petersburg;Russia;60.0922;30.2368;AS202422 G-Core Labs S.A.;true
2022-03-24 08:26:32;search@clotheshops.org;192.169.7.247;politicalturntips.com;Los Angeles;California;United States;34.0522;-118.2437;AS8100 QuadraNet Enterprises LLC;true
2022-03-24 11:00:10;DrugMart-Confirmation255@boardskills.com;208.67.248.58;labfields.net;Dallas;Texas;United States;32.8756;-96.7495;AS40395 VIRTBIZ Internet Services;true
2022-03-24 08:26:32;azead@advicelaptop.info;89.223.93.84;;Levashovo;St.-Petersburg;Russia;60.0922;30.2368;AS202422 G-Core Labs S.A.;true
2022-03-24 09:00:09;Confirmation.Email@storagemodels.org.uk;208.67.248.58;labfields.net;Dallas;Texas;United States;32.8756;-96.7495;AS40395 VIRTBIZ Internet Services;true
2022-03-24 11:00:10;info@discoveredu.eu.org;89.223.93.84;;Levashovo;St.-Petersburg;Russia;60.0922;30.2368;AS202422 G-Core Labs S.A.;true
2022-03-27 14:00:09;gbduvj3o5@porter.communicationshow.co.uk;72.18.131.104;porter.communicationshow.co.uk;Denver;Colorado;United States;39.7392;-104.9847;AS30475 Handy Networks, LLC;true
2022-03-26 13:00:09;contact@storagemodels.org.uk;208.67.248.58;labfields.net;Dallas;Texas;United States;32.8756;-96.7495;AS40395 VIRTBIZ Internet Services;true
2022-03-26 17:00:08;notice@gatheredconference.com;208.67.248.58;labfields.net;Dallas;Texas;United States;32.8756;-96.7495;AS40395 VIRTBIZ Internet Services;true
2022-03-26 16:00:08;mdf@sceneryspecial.org.uk;194.124.40.2;sceneryspecial.org.uk;Los Angeles;California;United Sates;34.0614;-118.2385;AS40676 Psychz Networks;true
